CREATE DATABASE  IF NOT EXISTS `tienda` /*!40100 DEFAULT CHARACTER SET utf8mb4 COLLATE utf8mb4_general_ci */;
USE `tienda`;
-- MySQL dump 10.13  Distrib 8.0.45, for Win64 (x86_64)
--
-- Host: 127.0.0.1    Database: tienda
-- ------------------------------------------------------
-- Server version	5.5.5-10.4.32-MariaDB

/*!40101 SET @OLD_CHARACTER_SET_CLIENT=@@CHARACTER_SET_CLIENT */;
/*!40101 SET @OLD_CHARACTER_SET_RESULTS=@@CHARACTER_SET_RESULTS */;
/*!40101 SET @OLD_COLLATION_CONNECTION=@@COLLATION_CONNECTION */;
/*!50503 SET NAMES utf8 */;
/*!40103 SET @OLD_TIME_ZONE=@@TIME_ZONE */;
/*!40103 SET TIME_ZONE='+00:00' */;
/*!40014 SET @OLD_UNIQUE_CHECKS=@@UNIQUE_CHECKS, UNIQUE_CHECKS=0 */;
/*!40014 SET @OLD_FOREIGN_KEY_CHECKS=@@FOREIGN_KEY_CHECKS, FOREIGN_KEY_CHECKS=0 */;
/*!40101 SET @OLD_SQL_MODE=@@SQL_MODE, SQL_MODE='NO_AUTO_VALUE_ON_ZERO' */;
/*!40111 SET @OLD_SQL_NOTES=@@SQL_NOTES, SQL_NOTES=0 */;

--
-- Table structure for table `cliente`
--

DROP TABLE IF EXISTS `cliente`;
/*!40101 SET @saved_cs_client     = @@character_set_client */;
/*!50503 SET character_set_client = utf8mb4 */;
CREATE TABLE `cliente` (
  `id_cliente` int(11) NOT NULL AUTO_INCREMENT,
  `nombre` varchar(50) NOT NULL,
  `edad` int(11) NOT NULL,
  PRIMARY KEY (`id_cliente`)
) ENGINE=InnoDB AUTO_INCREMENT=1005 DEFAULT CHARSET=utf8mb4 COLLATE=utf8mb4_general_ci;
/*!40101 SET character_set_client = @saved_cs_client */;

--
-- Dumping data for table `cliente`
--

LOCK TABLES `cliente` WRITE;
/*!40000 ALTER TABLE `cliente` DISABLE KEYS */;
INSERT INTO `cliente` VALUES (1,'Anastasio López',55),(2,'Elena Pérez',30),(4,'Elena Vázquez',71),(5,'Hugo Gutiérrez',18),(6,'Carmen Martín',67),(7,'Emma Molina',57),(8,'Elena Ramos',18),(9,'Natalia Torres',31),(10,'David Serrano',30),(11,'Elena Martínez',59),(12,'Pablo Domínguez',77),(13,'Nicolás Blanco',24),(14,'Natalia Hernández',66),(15,'Sergio Moreno',27),(16,'Iker Ruiz',70),(17,'David Molina',53),(18,'Daniel Jiménez',63),(19,'Mateo Ortega',41),(20,'Sergio Domínguez',39),(21,'Mateo Martínez',71),(22,'Lucía Vázquez',34),(23,'Paula Ramos',62),(24,'Sara Ramos',52),(25,'Elena Ortega',43),(26,'Lucía López',29),(27,'Alicia Ortega',64),(28,'Claudia Torres',71),(29,'Javier Pérez',67),(30,'Mario García',58),(31,'Martina Molina',80),(32,'David Álvarez',41),(33,'Elena Álvarez',63),(34,'Emma Sánchez',72),(35,'Natalia Ortega',32),(36,'Martina Sánchez',20),(37,'Marco Ruiz',71),(38,'Javier Martín',23),(39,'Alicia Hernández',42),(40,'Lucía López',34),(41,'Lucía Romero',32),(42,'Nicolás García',71),(43,'Daniel Muñoz',52),(44,'Adrián Gutiérrez',43),(45,'Sara Gil',51),(46,'Adrián Gutiérrez',48),(47,'Claudia Muñoz',64),(48,'Carmen García',67),(49,'Mateo Serrano',51),(50,'Hugo Romero',71),(51,'Alicia Martínez',28),(52,'Noa Ramírez',74),(53,'Martina Martínez',65),(54,'Noa Suárez',66),(55,'Lucía Ortega',68),(56,'Alejandro Torres',20),(57,'Sara Serrano',77),(58,'Hugo Hernández',72),(59,'Adrián Álvarez',79),(60,'Elena Gil',24),(61,'David López',53),(62,'Rubén Díaz',78),(63,'Nicolás Blanco',22),(64,'Nicolás Alonso',39),(65,'Martina Ramírez',44),(66,'Alicia Muñoz',73),(67,'Martina Pérez',39),(68,'Hugo Ortega',39),(69,'Alicia Torres',76),(70,'Claudia López',24),(71,'Hugo Molina',60),(72,'Nicolás Gil',47),(73,'Pablo López',29),(74,'Rubén Gutiérrez',77),(75,'Alejandro Jiménez',32),(76,'Javier Sánchez',47),(77,'Lucía Ramírez',63),(78,'Javier Alonso',56),(79,'Mario Torres',52),(80,'Natalia Ortega',30),(81,'Alejandro Romero',41),(82,'Adrián García',67),(83,'Irene Ortega',37),(84,'Rubén Sánchez',67),(85,'Valeria Navarro',22),(86,'Noa Martínez',38),(87,'Mario Díaz',44),(88,'Ana Torres',31),(89,'Hugo Moreno',33),(90,'Martina Suárez',38),(91,'Mateo Martínez',66),(92,'Nicolás Alonso',30),(93,'Elena Ortega',44),(94,'Martina Muñoz',63),(95,'Paula Moreno',21),(96,'Pablo Hernández',37),(97,'Valeria Martínez',42),(98,'Irene López',72),(99,'Pablo Molina',28),(100,'Pablo Pérez',43),(101,'Iker Alonso',75),(102,'Lucía Alonso',42),(103,'Carmen García',66),(104,'Claudia Gutiérrez',50),(105,'Irene Gil',32),(106,'Marco Vázquez',68),(107,'Natalia Gómez',33),(108,'Noa Álvarez',40),(109,'Adrián Ortega',63),(110,'Noa López',44),(111,'Natalia Ruiz',59),(112,'Mario Muñoz',59),(113,'Lucía Martín',74),(114,'Marco Ramírez',33),(115,'Irene Alonso',23),(116,'Marco Sánchez',18),(117,'Noa Jiménez',37),(118,'Nicolás Morales',31),(119,'Sara Jiménez',24),(120,'Nicolás Romero',31),(121,'Iker Pérez',24),(122,'Sofía García',76),(123,'Valeria Pérez',75),(124,'Daniel Gómez',41),(125,'Paula Alonso',52),(126,'Emma Navarro',27),(127,'Alejandro Vázquez',43),(128,'Marco Ruiz',65),(129,'Marco Sánchez',79),(130,'Elena Navarro',46),(131,'Mario Sánchez',25),(132,'Hugo Gil',25),(133,'Javier Moreno',69),(134,'Sergio Moreno',78),(135,'Diego Navarro',74),(136,'Alicia Molina',30),(137,'Sara Moreno',64),(138,'Elena Álvarez',58),(139,'Marco Romero',62),(140,'Pablo Gutiérrez',36),(141,'Irene Muñoz',49),(142,'Emma Gil',79),(143,'Noa Díaz',67),(144,'Marco García',45),(145,'Martina Muñoz',57),(146,'Natalia Gil',79),(147,'Rubén Pérez',73),(148,'Alejandro Díaz',64),(149,'Rubén Morales',58),(150,'Iker Ramos',20),(151,'Alejandro García',18),(152,'Alejandro García',20),(153,'Martina Torres',55),(154,'Martina Martínez',61),(155,'Paula Alonso',59),(156,'Alicia Domínguez',21),(157,'Javier Alonso',53),(158,'Paula Serrano',24),(159,'Pablo Martín',68),(160,'Paula Gómez',75),(161,'Sofía Vázquez',25),(162,'Iker Díaz',24),(163,'Carmen Martínez',67),(164,'Mateo Gil',37),(165,'David Álvarez',49),(166,'Sofía Molina',29),(167,'David Morales',61),(168,'Diego Moreno',71),(169,'Sofía Morales',36),(170,'Nicolás Ramírez',64),(171,'Paula Moreno',77),(172,'Iker Suárez',26),(173,'Mateo Navarro',53),(174,'Lucía Navarro',60),(175,'Diego Muñoz',18),(176,'Mateo Martínez',65),(177,'Noa Suárez',67),(178,'Pablo Jiménez',75),(179,'Claudia Jiménez',68),(180,'Paula Gómez',74),(181,'Sergio Martínez',41),(182,'Nicolás Torres',70),(183,'Javier Pérez',68),(184,'Iker Hernández',75),(185,'Noa Gutiérrez',62),(186,'Natalia Alonso',69),(187,'Iker Hernández',75),(188,'Rubén Díaz',72),(189,'David Molina',55),(190,'Emma Alonso',71),(191,'Noa Vázquez',47),(192,'Javier Jiménez',35),(193,'Noa Moreno',76),(194,'Iker Suárez',23),(195,'Valeria Domínguez',46),(196,'Paula Ruiz',47),(197,'Mario García',60),(198,'Paula Alonso',57),(199,'Valeria García',40),(200,'Alicia Gutiérrez',56),(201,'Sara Sánchez',46),(202,'Marco Sánchez',75),(203,'Hugo Hernández',77),(204,'Claudia García',66),(205,'Claudia Torres',60),(206,'Iker Ramos',80),(207,'Claudia Suárez',47),(208,'Adrián Domínguez',18),(209,'Pablo Alonso',38),(210,'Alejandro López',38),(211,'Adrián López',33),(212,'Sergio Suárez',80),(213,'Sofía Alonso',31),(214,'Valeria Gómez',34),(215,'Nicolás Morales',41),(216,'Pablo Álvarez',75),(217,'Daniel Martín',46),(218,'Diego Ortega',77),(219,'Alicia Blanco',79),(220,'Sara Suárez',57),(221,'David Romero',59),(222,'Mateo López',77),(223,'Mario Torres',54),(224,'Lucía Alonso',41),(225,'Javier Domínguez',28),(226,'Marco Suárez',26),(227,'Mateo Navarro',53),(228,'Alejandro Romero',35),(229,'Ana Sánchez',56),(230,'Alicia Vázquez',41),(231,'Nicolás Vázquez',25),(232,'Iker Moreno',39),(233,'Mario Moreno',51),(234,'Mario Ramírez',46),(235,'Sergio Muñoz',33),(236,'Sergio Martínez',45),(237,'Ana Torres',29),(238,'Alejandro Gutiérrez',59),(239,'Alicia Alonso',45),(240,'Diego García',24),(241,'Adrián Blanco',77),(242,'Martina Ortega',45),(243,'Emma Morales',69),(244,'Sara Álvarez',23),(245,'Sofía Gómez',55),(246,'Mario Torres',60),(247,'Mario Moreno',51),(248,'Mario Blanco',67),(249,'Sara Torres',70),(250,'Javier Martín',22),(251,'Alicia Hernández',43),(252,'Pablo Díaz',46),(253,'Daniel Romero',79),(254,'Javier Morales',47),(255,'Rubén Torres',38),(256,'Nicolás Gil',45),(257,'Alejandro Ramos',56),(258,'Marco Torres',47),(259,'Adrián Vázquez',27),(260,'Alicia Sánchez',48),(261,'Alejandro Domínguez',27),(262,'Irene Ramírez',40),(263,'Adrián García',75),(264,'Mario Torres',60),(265,'Iker Ramos',72),(266,'Hugo Gutiérrez',19),(267,'Elena Alonso',21),(268,'Alicia Romero',28),(269,'Sara Romero',35),(270,'Marco Navarro',36),(271,'Diego Navarro',68),(272,'David López',51),(273,'Sara Ruiz',37),(274,'Alicia Navarro',72),(275,'Elena Martínez',58),(276,'Sofía Gutiérrez',47),(277,'Noa Molina',45),(278,'Valeria Gutiérrez',78),(279,'Daniel López',72),(280,'Lucía Vázquez',29),(281,'Natalia Martínez',47),(282,'Hugo Torres',47),(283,'Elena López',80),(284,'Noa Ruiz',51),(285,'Nicolás Pérez',47),(286,'Natalia Jiménez',46),(287,'Mario López',76),(288,'Adrián Díaz',48),(289,'Sara Muñoz',18),(290,'Claudia Molina',80),(291,'Javier Serrano',21),(292,'Mateo Morales',21),(293,'Valeria Ramírez',30),(294,'Rubén Alonso',66),(295,'David López',50),(296,'Javier Jiménez',28),(297,'Sofía Molina',27),(298,'Martina Hernández',25),(299,'Rubén Ramos',64),(300,'Iker Álvarez',63),(301,'Hugo Morales',77),(302,'Sergio Ortega',18),(303,'Pablo Gutiérrez',41),(304,'David Gómez',29),(305,'Paula García',26),(306,'Noa Ramírez',80),(307,'Valeria García',37),(308,'Elena Domínguez',61),(309,'Elena Romero',69),(310,'Noa Serrano',24),(311,'Lucía García',76),(312,'Valeria López',62),(313,'Emma Gómez',24),(314,'Alejandro Gil',61),(315,'Daniel Blanco',62),(316,'Ana Gil',66),(317,'Rubén Serrano',30),(318,'Elena Martínez',65),(319,'Iker Muñoz',52),(320,'Carmen Navarro',50),(321,'Marco Serrano',48),(322,'Ana Álvarez',37),(323,'Daniel García',50),(324,'Elena Ortega',44),(325,'Pablo Moreno',53),(326,'Noa Navarro',75),(327,'Irene Alonso',23),(328,'Mateo Morales',19),(329,'Sara Molina',33),(330,'Valeria Martín',37),(331,'Marco Alonso',74),(332,'Natalia Suárez',20),(333,'Paula Alonso',52),(334,'Hugo Romero',68),(335,'Elena Gómez',37),(336,'Lucía Jiménez',27),(337,'Alejandro Gutiérrez',64),(338,'Alejandro Suárez',59),(339,'Carmen Martín',65),(340,'Pablo Ruiz',21),(341,'Carmen López',23),(342,'Martina Alonso',29),(343,'David Suárez',71),(344,'Sara Muñoz',73),(345,'Martina Pérez',31),(346,'Noa Domínguez',39),(347,'Diego Romero',36),(348,'Lucía Muñoz',77),(349,'Carmen Romero',79),(350,'Mario Romero',77),(351,'Emma Álvarez',44),(352,'Mateo Blanco',68),(353,'Carmen Molina',24),(354,'Mateo Serrano',56),(355,'Valeria López',64),(356,'Adrián Serrano',67),(357,'Iker Muñoz',42),(358,'Alicia Díaz',58),(359,'Daniel García',46),(360,'David Ortega',20),(361,'David Hernández',67),(362,'Sergio Díaz',77),(363,'Rubén Díaz',69),(364,'Sofía Morales',39),(365,'Sergio Ramírez',20),(366,'Irene Gómez',40),(367,'Daniel Molina',67),(368,'Javier Hernández',54),(369,'Sergio Martínez',43),(370,'Mateo Molina',18),(371,'Javier Vázquez',44),(372,'Lucía Ortega',61),(373,'Valeria Blanco',44),(374,'Rubén Blanco',38),(375,'Pablo Alonso',40),(376,'Hugo Suárez',25),(377,'Nicolás Muñoz',73),(378,'Sofía Serrano',66),(379,'Carmen Ortega',47),(380,'Carmen Molina',20),(381,'Elena Álvarez',66),(382,'Carmen Ortega',54),(383,'Sergio Morales',71),(384,'Adrián Torres',65),(385,'Ana Gutiérrez',76),(386,'Natalia Serrano',41),(387,'Sara Blanco',80),(388,'Mario Muñoz',58),(389,'Natalia Gil',74),(390,'Paula Serrano',29),(391,'Mario Serrano',58),(392,'Nicolás Molina',25),(393,'Sergio Moreno',22),(394,'Emma Ortega',29),(395,'Ana Díaz',71),(396,'Martina Martín',54),(397,'David Ramos',61),(398,'Javier Torres',21),(399,'Carmen Sánchez',33),(400,'Mateo Moreno',50),(401,'Javier Ruiz',39),(402,'Marco Díaz',23),(403,'Adrián Molina',24),(404,'Irene García',49),(405,'Carmen Vázquez',25),(406,'Elena Ruiz',73),(407,'Iker Sánchez',78),(408,'Adrián Gómez',63),(409,'Alejandro Ortega',74),(410,'Carmen Torres',58),(411,'Adrián Pérez',51),(412,'Martina Gómez',50),(413,'Ana Díaz',73),(414,'Paula Suárez',65),(415,'Sergio Alonso',58),(416,'Alicia Domínguez',21),(417,'Paula Alonso',51),(418,'Pablo García',62),(419,'Mario Díaz',36),(420,'Adrián Jiménez',77),(421,'Sergio Ortega',20),(422,'Emma Pérez',76),(423,'Emma Álvarez',48),(424,'Sofía Ortega',62),(425,'Elena Alonso',77),(426,'Hugo Jiménez',57),(427,'Sara Suárez',60),(428,'Elena Navarro',38),(429,'Natalia Navarro',28),(430,'Pablo Ortega',59),(431,'Javier Gil',60),(432,'Martina Vázquez',21),(433,'Daniel Ramos',23),(434,'David Pérez',71),(435,'Mateo Torres',51),(436,'Irene Vázquez',66),(437,'Marco García',51),(438,'Rubén Moreno',29),(439,'Diego Suárez',61),(440,'Valeria Serrano',39),(441,'Emma Jiménez',51),(442,'Natalia Suárez',80),(443,'Pablo Navarro',55),(444,'Hugo Díaz',22),(445,'David Gómez',21),(446,'Nicolás Alonso',43),(447,'Adrián Suárez',47),(448,'Mario Suárez',39),(449,'Irene Jiménez',60),(450,'Rubén Martínez',39),(451,'Rubén López',52),(452,'Carmen Vázquez',24),(453,'Adrián Gil',50),(454,'David Ortega',77),(455,'Mateo Jiménez',69),(456,'Paula López',45),(457,'Ana Gutiérrez',67),(458,'Javier Hernández',53),(459,'Marco Ramírez',33),(460,'Irene Álvarez',67),(461,'Iker Moreno',34),(462,'Martina Morales',28),(463,'Sofía Ortega',56),(464,'Pablo Serrano',58),(465,'Claudia Ortega',57),(466,'Pablo Ramírez',51),(467,'Paula García',27),(468,'Noa Serrano',27),(469,'Emma Blanco',49),(470,'Sergio Ruiz',51),(471,'Claudia Díaz',43),(472,'Sergio Romero',56),(473,'Rubén Martín',34),(474,'Noa Muñoz',32),(475,'Irene Gutiérrez',28),(476,'Hugo Navarro',37),(477,'Nicolás Molina',24),(478,'Irene Martínez',54),(479,'Nicolás López',22),(480,'Daniel Torres',52),(481,'Sergio Martínez',44),(482,'Sergio Álvarez',44),(483,'Alicia Moreno',68),(484,'Claudia Gutiérrez',41),(485,'Emma Sánchez',70),(486,'Irene Ramos',18),(487,'Natalia Torres',37),(488,'Noa Muñoz',20),(489,'Ana Ramos',63),(490,'Adrián Suárez',46),(491,'Carmen Morales',26),(492,'Alejandro Torres',19),(493,'David Díaz',78),(494,'Alicia Domínguez',22),(495,'Carmen Ortega',53),(496,'Natalia Morales',67),(497,'Hugo Gil',21),(498,'Alejandro Molina',45),(499,'Iker Díaz',26),(500,'Rubén Ramos',58),(501,'Isidoro Gordillo',34),(502,'Beatriz Rios',31),(503,'Isidoro Gordillo',34),(504,'Beatriz Rios',31),(505,'Noa Gutiérrez',67),(506,'Emma Molina',60),(507,'Alicia Alonso',51),(508,'Sofía Serrano',67),(509,'Elena Pérez',36),(510,'Ana Martínez',37),(511,'Javier Molina',41),(512,'Hugo Morales',74),(513,'Nicolás Sánchez',36),(514,'Pablo Ramírez',48),(515,'Sofía Ortega',60),(516,'Adrián Ortega',64),(517,'Alicia Muñoz',74),(518,'Hugo Álvarez',52),(519,'Carmen Alonso',34),(520,'Nicolás Martínez',75),(521,'Adrián Muñoz',66),(522,'Valeria Vázquez',59),(523,'Emma Ruiz',55),(524,'Martina Martínez',60),(525,'Paula Romero',48),(526,'Sergio Hernández',61),(527,'Elena Alonso',80),(528,'Mario Díaz',37),(529,'Elena Vázquez',72),(530,'Emma Vázquez',58),(531,'Martina Blanco',68),(532,'Adrián Gil',49),(533,'Emma Gil',21),(534,'Ana Serrano',19),(535,'Alicia Gutiérrez',55),(536,'David Ramos',61),(537,'David Ruiz',58),(538,'Paula Vázquez',48),(539,'Sara Moreno',66),(540,'Alicia Ruiz',31),(541,'David Vázquez',58),(542,'Daniel Suárez',29),(543,'Sofía Serrano',68),(544,'Valeria Gutiérrez',77),(545,'Pablo Vázquez',22),(546,'Javier Navarro',67),(547,'Hugo Gil',19),(548,'Sergio Torres',29),(549,'Pablo Martínez',74),(550,'Paula Molina',44),(551,'Elena Hernández',19),(552,'Martina Vázquez',77),(553,'Diego Gutiérrez',66),(554,'Daniel Navarro',37),(555,'Irene Ruiz',74),(556,'Noa Romero',54),(557,'Adrián Ruiz',32),(558,'David Ramos',61),(559,'Paula Alonso',55),(560,'Mario Gutiérrez',43),(561,'Paula Díaz',68),(562,'Sergio Moreno',79),(563,'Mateo Sánchez',25),(564,'Emma Blanco',51),(565,'Martina López',78),(566,'Valeria García',38),(567,'Valeria García',34),(568,'David Navarro',21),(569,'Elena Romero',74),(570,'Alejandro Moreno',69),(571,'Sergio Ruiz',55),(572,'Sofía Vázquez',27),(573,'Alicia Pérez',56),(574,'Rubén Gómez',26),(575,'Pablo Sánchez',37),(576,'Daniel García',50),(577,'Elena López',72),(578,'Alejandro Gutiérrez',58),(579,'Rubén López',58),(580,'Sergio Ramírez',19),(581,'Mateo Martínez',63),(582,'Mario Jiménez',69),(583,'Paula Gómez',76),(584,'Sofía Vázquez',23),(585,'Adrián Ramírez',63),(586,'Hugo García',37),(587,'Iker Blanco',54),(588,'Javier López',35),(589,'Martina Molina',20),(590,'Mario Hernández',30),(591,'Ana Díaz',67),(592,'Natalia Gómez',25),(593,'Sofía Sánchez',35),(594,'Alejandro Hernández',51),(595,'Noa Gil',63),(596,'Sara Ramos',42),(597,'Irene López',75),(598,'Paula Ramírez',76),(599,'Javier García',77),(600,'Alicia Vázquez',34),(601,'Paula Serrano',23),(602,'Ana Ramos',56),(603,'Marco Gutiérrez',25),(604,'Natalia Ruiz',58),(605,'Javier Blanco',32),(606,'Iker López',65),(607,'Iker Muñoz',47),(608,'Sofía García',72),(609,'David Gil',78),(610,'Elena Vázquez',74),(611,'Adrián Hernández',46),(612,'David Martínez',41),(613,'Nicolás Torres',67),(614,'Sofía Martínez',22),(615,'Daniel Ramos',21),(616,'Pablo Romero',79),(617,'Carmen Moreno',49),(618,'Javier Ruiz',44),(619,'Hugo Gil',31),(620,'Nicolás Sánchez',42),(621,'Valeria Vázquez',64),(622,'Valeria Gil',77),(623,'Mario Torres',60),(624,'Mario Moreno',50),(625,'Adrián Navarro',57),(626,'Adrián Pérez',49),(627,'Sofía Morales',42),(628,'Pablo Romero',24),(629,'Lucía Blanco',30),(630,'Sara Díaz',55),(631,'Natalia Ramírez',30),(632,'Rubén Gutiérrez',70),(633,'Elena López',71),(634,'Alejandro Alonso',53),(635,'David Vázquez',53),(636,'Claudia Gómez',53),(637,'David Ramos',65),(638,'Valeria Vázquez',62),(639,'Carmen López',26),(640,'Sara Alonso',43),(641,'Elena Hernández',21),(642,'Javier Domínguez',23),(643,'Mario Martín',59),(644,'Rubén López',57),(645,'Irene Moreno',40),(646,'Rubén López',50),(647,'Javier Gómez',69),(648,'Valeria Moreno',35),(649,'Daniel García',59),(650,'Daniel Morales',23),(651,'Noa Morales',65),(652,'Ana Vázquez',44),(653,'Sofía Sánchez',44),(654,'Diego Gómez',68),(655,'Mario García',55),(656,'Natalia Molina',57),(657,'Mario Álvarez',76),(658,'Emma Romero',57),(659,'Diego Navarro',74),(660,'Noa Domínguez',33),(661,'Paula Serrano',26),(662,'Emma Ramírez',34),(663,'Natalia Ramírez',29),(664,'Valeria Díaz',79),(665,'Mateo Martín',57),(666,'Mario Gutiérrez',31),(667,'Carmen Vázquez',18),(668,'Ana Morales',52),(669,'Sofía Vázquez',31),(670,'Lucía Navarro',68),(671,'Hugo Vázquez',69),(672,'Alejandro Torres',18),(673,'Daniel Molina',74),(674,'Irene Alonso',20),(675,'Diego Hernández',45),(676,'Paula Gómez',19),(677,'Elena Navarro',41),(678,'Pablo Muñoz',63),(679,'Sara Gil',56),(680,'Claudia Pérez',41),(681,'Carmen Martínez',75),(682,'Carmen Álvarez',76),(683,'Paula Ramírez',19),(684,'Diego Álvarez',26),(685,'Javier Díaz',65),(686,'Noa Martínez',32),(687,'Lucía Alonso',45),(688,'Rubén Serrano',31),(689,'Noa Navarro',78),(690,'Lucía Muñoz',70),(691,'Ana Muñoz',24),(692,'David Sánchez',60),(693,'Lucía Jiménez',19),(694,'Adrián Martínez',74),(695,'Adrián Hernández',41),(696,'Natalia Muñoz',40),(697,'Iker Ramos',78),(698,'Valeria Martínez',50),(699,'Carmen Torres',65),(700,'Sergio Álvarez',44),(701,'Claudia Gutiérrez',50),(702,'Marco Morales',75),(703,'Mateo Muñoz',51),(704,'Carmen Domínguez',77),(705,'Alicia Gil',53),(706,'Rubén Álvarez',40),(707,'Carmen López',29),(708,'Noa Torres',30),(709,'Martina Pérez',37),(710,'Sofía Romero',31),(711,'Iker Gómez',29),(712,'Javier Hernández',44),(713,'Daniel Torres',50),(714,'Claudia Hernández',31),(715,'Daniel Jiménez',66),(716,'Lucía García',72),(717,'David Ramírez',26),(718,'Emma Suárez',76),(719,'Mateo Ruiz',20),(720,'David Díaz',71),(721,'Hugo Alonso',18),(722,'Mario Díaz',36),(723,'Adrián Gómez',58),(724,'Diego Álvarez',33),(725,'Irene Romero',70),(726,'Nicolás Ruiz',22),(727,'Valeria Ramos',72),(728,'Martina Sánchez',25),(729,'David García',31),(730,'Sofía Gil',48),(731,'Martina Moreno',43),(732,'Irene Sánchez',21),(733,'Natalia Hernández',78),(734,'Claudia López',80),(735,'Claudia Molina',23),(736,'Claudia Ramos',31),(737,'Marco Serrano',47),(738,'Mateo Ramos',30),(739,'Nicolás Jiménez',76),(740,'Natalia Serrano',38),(741,'Martina Ramírez',44),(742,'Claudia Torres',70),(743,'Emma Ramírez',24),(744,'Hugo Gil',28),(745,'Iker Martín',49),(746,'Claudia Alonso',25),(747,'Pablo Pérez',46),(748,'Irene Ramírez',48),(749,'Ana Gutiérrez',70),(750,'Adrián Vázquez',26),(751,'Rubén Torres',35),(752,'Elena Ramírez',44),(753,'Diego Sánchez',57),(754,'Nicolás Serrano',69),(755,'Diego Morales',52),(756,'Ana Ruiz',46),(757,'Carmen Blanco',74),(758,'Ana Pérez',72),(759,'Mateo Navarro',40),(760,'Lucía Martín',79),(761,'Hugo Sánchez',74),(762,'Daniel Pérez',32),(763,'Alicia Suárez',51),(764,'Mateo Romero',77),(765,'David Navarro',26),(766,'Natalia Pérez',76),(767,'David Gutiérrez',75),(768,'Sergio Ortega',23),(769,'Elena Jiménez',63),(770,'Marco Ruiz',62),(771,'Alicia Romero',29),(772,'Elena García',55),(773,'Irene Alonso',22),(774,'Nicolás Romero',31),(775,'Rubén Moreno',25),(776,'Adrián Ramos',42),(777,'Claudia Ramos',30),(778,'Marco Gil',26),(779,'Adrián Torres',75),(780,'Diego Ramos',51),(781,'Elena Ortega',39),(782,'Nicolás Ramos',44),(783,'Marco Sánchez',79),(784,'Elena Domínguez',61),(785,'Mario Muñoz',55),(786,'Alicia Ramírez',64),(787,'Sara Vázquez',31),(788,'Lucía Torres',75),(789,'Nicolás García',67),(790,'Marco García',49),(791,'Carmen Vázquez',27),(792,'Noa Blanco',36),(793,'Marco Torres',41),(794,'Alejandro Ortega',68),(795,'Pablo Gómez',49),(796,'Alejandro Romero',48),(797,'Sergio Jiménez',42),(798,'Hugo Suárez',25),(799,'Nicolás Hernández',39),(800,'Claudia Molina',23),(801,'Mateo Gil',39),(802,'Carmen Martín',65),(803,'Sofía Pérez',53),(804,'Javier Sánchez',44),(805,'Mateo Molina',71),(806,'Rubén Gutiérrez',74),(807,'Mateo Álvarez',69),(808,'Alicia Martínez',27),(809,'Rubén Domínguez',42),(810,'Ana Ramos',60),(811,'Daniel Suárez',27),(812,'Marco García',44),(813,'Sofía López',32),(814,'Natalia Ramírez',36),(815,'Sofía Alonso',37),(816,'Alejandro Martín',76),(817,'Sofía Alonso',45),(818,'Valeria Vázquez',57),(819,'Pablo Domínguez',78),(820,'Irene Hernández',25),(821,'Rubén Domínguez',48),(822,'Carmen Serrano',60),(823,'Sergio Ramos',67),(824,'Claudia Romero',28),(825,'Paula Sánchez',56),(826,'Alicia Gil',57),(827,'Irene Álvarez',59),(828,'Natalia Torres',37),(829,'Diego Navarro',68),(830,'Paula López',47),(831,'Martina Hernández',27),(832,'Mateo Gutiérrez',42),(833,'Emma Sánchez',68),(834,'Noa Molina',48),(835,'Nicolás Hernández',40),(836,'Mateo Martínez',70),(837,'Sergio Hernández',61),(838,'Mario Moreno',46),(839,'Pablo Gómez',58),(840,'Noa Hernández',53),(841,'Natalia Molina',56),(842,'Mario Romero',21),(843,'Mateo Ortega',40),(844,'Natalia Muñoz',41),(845,'Valeria Blanco',47),(846,'Claudia Navarro',53),(847,'Sofía Domínguez',18),(848,'Sofía Romero',20),(849,'Mateo Ortega',45),(850,'Hugo Gil',24),(851,'David Pérez',76),(852,'Martina García',52),(853,'Diego Blanco',30),(854,'Carmen Torres',65),(855,'Natalia Ruiz',64),(856,'Mateo Serrano',62),(857,'Sofía Jiménez',18),(858,'David Muñoz',30),(859,'Nicolás Pérez',52),(860,'Emma Navarro',30),(861,'Hugo Gutiérrez',26),(862,'Sergio Moreno',23),(863,'David Gómez',18),(864,'Elena Alonso',22),(865,'Claudia Vázquez',20),(866,'Hugo Morales',75),(867,'Irene Álvarez',62),(868,'Hugo Suárez',25),(869,'Alicia Gómez',72),(870,'Alicia Martínez',19),(871,'Alejandro Ortega',69),(872,'Hugo Gutiérrez',28),(873,'Martina Martín',57),(874,'Mario Navarro',41),(875,'Daniel Serrano',45),(876,'Mateo Gil',34),(877,'Pablo Ramos',37),(878,'Sara Suárez',54),(879,'Sofía Torres',77),(880,'Claudia Pérez',45),(881,'Noa Martínez',29),(882,'Mateo Romero',19),(883,'Rubén Sánchez',56),(884,'Alicia Blanco',80),(885,'Carmen Jiménez',74),(886,'Nicolás López',28),(887,'Iker Martín',45),(888,'Elena Díaz',26),(889,'Noa Serrano',26),(890,'Hugo Ramos',74),(891,'Sara Gómez',67),(892,'Javier Muñoz',22),(893,'Sofía Martín',66),(894,'Emma Ortega',29),(895,'Sergio Pérez',71),(896,'Marco Serrano',49),(897,'Lucía Vázquez',34),(898,'Emma Romero',63),(899,'Pablo Moreno',52),(900,'Rubén Romero',47),(901,'Sergio Muñoz',25),(902,'Sara Alonso',45),(903,'Noa Ortega',77),(904,'Claudia García',66),(905,'Claudia Gutiérrez',46),(906,'Valeria Torres',36),(907,'Rubén Martín',31),(908,'Adrián Álvarez',78),(909,'Elena Torres',55),(910,'Martina Morales',23),(911,'Alicia Hernández',45),(912,'Hugo Ramírez',32),(913,'Irene Navarro',37),(914,'Irene Martín',58),(915,'Iker Blanco',52),(916,'Daniel Hernández',80),(917,'Lucía Ruiz',31),(918,'Emma Domínguez',47),(919,'Sara Alonso',46),(920,'Alicia Jiménez',19),(921,'Sara Blanco',20),(922,'Alicia Romero',32),(923,'Nicolás Suárez',56),(924,'Daniel Sánchez',18),(925,'Noa Hernández',53),(926,'Irene Torres',52),(927,'Irene Torres',50),(928,'Alicia López',30),(929,'Nicolás Sánchez',45),(930,'Mateo Gil',38),(931,'Paula Vázquez',48),(932,'Paula López',50),(933,'Paula Sánchez',52),(934,'Adrián Moreno',62),(935,'Sara Serrano',80),(936,'Carmen Martín',70),(937,'Mario Molina',18),(938,'Sara Molina',36),(939,'Claudia Martínez',76),(940,'Carmen Alonso',31),(941,'Mario Serrano',57),(942,'Alicia Torres',20),(943,'Paula Alonso',54),(944,'Javier García',22),(945,'David Martín',34),(946,'Rubén Hernández',67),(947,'Natalia Martín',43),(948,'Paula Muñoz',27),(949,'Mario Ortega',48),(950,'Adrián Domínguez',76),(951,'Nicolás García',66),(952,'Irene Molina',75),(953,'Marco Vázquez',68),(954,'Sergio Ruiz',53),(955,'Alejandro Hernández',53),(956,'Irene Torres',49),(957,'Noa Ramos',61),(958,'David Ruiz',55),(959,'Pablo Blanco',73),(960,'Mateo Alonso',23),(961,'Irene López',66),(962,'Noa Molina',51),(963,'Sergio Gómez',26),(964,'Lucía Molina',30),(965,'Javier Pérez',65),(966,'Emma López',56),(967,'Mateo Gómez',53),(968,'Emma Gutiérrez',76),(969,'Lucía Muñoz',78),(970,'Valeria García',39),(971,'Diego Díaz',65),(972,'Noa Martínez',36),(973,'David Alonso',67),(974,'Sara Alonso',44),(975,'Iker Alonso',80),(976,'Sara Molina',40),(977,'Sofía Moreno',55),(978,'Mateo Moreno',45),(979,'Alejandro Serrano',22),(980,'Irene Ortega',44),(981,'Pablo Díaz',46),(982,'Hugo Domínguez',54),(983,'Ana Pérez',69),(984,'Rubén Torres',31),(985,'David Vázquez',59),(986,'Hugo Martínez',57),(987,'Ana Martínez',34),(988,'Hugo Jiménez',59),(989,'Mario Romero',19),(990,'Rubén Ortega',24),(991,'Iker Muñoz',45),(992,'Sergio Moreno',22),(993,'Hugo Morales',78),(994,'Alejandro Jiménez',27),(995,'Alejandro Navarro',74),(996,'Alicia Blanco',25),(997,'Sofía Martínez',79),(998,'Nicolás Blanco',79),(999,'Javier Ramírez',73),(1000,'Lucía Torres',77),(1001,'Irene Moreno',44),(1002,'Natalia Muñoz',32),(1003,'Natalia Suárez',80),(1004,'Pablo Navarro',54);
/*!40000 ALTER TABLE `cliente` ENABLE KEYS */;
UNLOCK TABLES;

--
-- Table structure for table `empleado`
--

DROP TABLE IF EXISTS `empleado`;
/*!40101 SET @saved_cs_client     = @@character_set_client */;
/*!50503 SET character_set_client = utf8mb4 */;
CREATE TABLE `empleado` (
  `id_empleado` int(11) NOT NULL AUTO_INCREMENT,
  `nombre` varchar(50) DEFAULT NULL,
  `categoria` varchar(50) NOT NULL,
  PRIMARY KEY (`id_empleado`)
) ENGINE=InnoDB AUTO_INCREMENT=203 DEFAULT CHARSET=utf8mb4 COLLATE=utf8mb4_general_ci;
/*!40101 SET character_set_client = @saved_cs_client */;

--
-- Dumping data for table `empleado`
--

LOCK TABLES `empleado` WRITE;
/*!40000 ALTER TABLE `empleado` DISABLE KEYS */;
INSERT INTO `empleado` VALUES (1,'Mortadelo García','Gerencia'),(2,'Víctor Esteban','Reparto'),(3,'Silvia Santiago','Soporte'),(4,'Alba Márquez','Reparto'),(5,'Pilar Delgado','Almacén'),(6,'Raúl Montero','Caja'),(7,'Manuel Parra','Almacén'),(8,'Fernando Fuentes','Reparto'),(9,'Jaime Ibáñez','Gerencia'),(10,'Mónica Campos','Ventas'),(11,'Álvaro Aguilar','Gerencia'),(12,'Cristina Méndez','Almacén'),(13,'Jaime Herrera','Ventas'),(14,'Alba Aguilar','Caja'),(15,'Alba Crespo','Soporte'),(16,'Patricia Crespo','Reparto'),(17,'Manuel Arias','Almacén'),(18,'Víctor Cabrera','Soporte'),(19,'Eva Peña','Caja'),(20,'Fernando Peña','Almacén'),(21,'Manuel León','Gerencia'),(22,'Andrés Montero','Reparto'),(23,'Antonio León','Ventas'),(24,'Álvaro Campos','Gerencia'),(25,'Andrés Peña','Reparto'),(26,'Lorena Ibáñez','Gerencia'),(27,'Teresa León','Reparto'),(28,'Víctor Hidalgo','Almacén'),(29,'Isabel Santos','Soporte'),(30,'Nuria Cortés','Caja'),(31,'Álvaro Santiago','Gerencia'),(32,'Cristina Ibáñez','Ventas'),(33,'Rafael Ibáñez','Reparto'),(34,'Manuel Vidal','Reparto'),(35,'Marta Soto','Soporte'),(36,'Isabel Méndez','Ventas'),(37,'Raúl Hidalgo','Almacén'),(38,'Isabel Fuentes','Reparto'),(39,'Jaime Peña','Almacén'),(40,'Lorena Méndez','Gerencia'),(41,'Alba Herrera','Gerencia'),(42,'Silvia Peña','Soporte'),(43,'Mónica Cabrera','Reparto'),(44,'Cristina Méndez','Almacén'),(45,'Isabel Cabrera','Gerencia'),(46,'Víctor Hidalgo','Almacén'),(47,'Rafael Benítez','Almacén'),(48,'Rafael Benítez','Almacén'),(49,'Jaime Fuentes','Almacén'),(50,'Isabel Parra','Ventas'),(51,'Rocío Peña','Reparto'),(52,'Gonzalo Rey','Caja'),(53,'Antonio Hidalgo','Caja'),(54,'Óscar Aguilar','Reparto'),(55,'Manuel Vidal','Reparto'),(56,'Andrés Arias','Almacén'),(57,'Antonio Rey','Reparto'),(58,'Beatriz Aguilar','Soporte'),(59,'Álvaro Santos','Almacén'),(60,'Víctor Calvo','Reparto'),(61,'Óscar Crespo','Ventas'),(62,'Óscar Pascual','Soporte'),(63,'Teresa Soto','Reparto'),(64,'Manuel Pascual','Gerencia'),(65,'Jaime Cabrera','Ventas'),(66,'Eva Rivas','Reparto'),(67,'Isabel Hidalgo','Soporte'),(68,'Pilar Rivas','Almacén'),(69,'Álvaro Calvo','Almacén'),(70,'Pilar Vidal','Gerencia'),(71,'Silvia Herrera','Reparto'),(72,'Eva Montero','Caja'),(73,'Carlos Esteban','Soporte'),(74,'Pilar León','Caja'),(75,'Marta Herrera','Caja'),(76,'Raúl Méndez','Gerencia'),(77,'Pilar Campos','Gerencia'),(78,'Marta Vidal','Almacén'),(79,'Álvaro Rey','Soporte'),(80,'Alba Santiago','Ventas'),(81,'Fernando Fuentes','Reparto'),(82,'Jaime León','Reparto'),(83,'Fernando Arias','Ventas'),(84,'Patricia Parra','Soporte'),(85,'Iván Aguilar','Soporte'),(86,'Antonio Herrera','Reparto'),(87,'Carlos Hidalgo','Soporte'),(88,'Jaime Parra','Ventas'),(89,'Óscar Esteban','Ventas'),(90,'Julia Hidalgo','Ventas'),(91,'Pilar Benítez','Reparto'),(92,'Rafael Vicente','Soporte'),(93,'Raúl Hidalgo','Almacén'),(94,'Antonio Pascual','Ventas'),(95,'Manuel Aguilar','Reparto'),(96,'Jaime Delgado','Reparto'),(97,'Marta Montero','Reparto'),(98,'Silvia Cortés','Almacén'),(99,'Beatriz Arias','Almacén'),(100,'Manuel Peña','Soporte'),(101,'Ramiro','Almacén'),(102,'Ramiro','Almacén'),(103,'Laura Calvo','Ventas'),(104,'Julia Cortés','Almacén'),(105,'Beatriz Soto','Gerencia'),(106,'Andrés Soler','Soporte'),(107,'Manuel Cortés','Ventas'),(108,'Raúl Hidalgo','Almacén'),(109,'Silvia Soto','Gerencia'),(110,'Fernando Márquez','Soporte'),(111,'Patricia Fuentes','Caja'),(112,'Isabel Vidal','Ventas'),(113,'Patricia Arias','Soporte'),(114,'Pilar Herrera','Gerencia'),(115,'Óscar Méndez','Reparto'),(116,'Nuria Esteban','Caja'),(117,'Laura Delgado','Gerencia'),(118,'Iván Soler','Soporte'),(119,'Fernando Soto','Reparto'),(120,'Antonio Santiago','Soporte'),(121,'Pilar Rivas','Almacén'),(122,'Iván Soler','Soporte'),(123,'Óscar Márquez','Ventas'),(124,'Víctor Peña','Ventas'),(125,'Fernando Fuentes','Reparto'),(126,'Lorena Soler','Caja'),(127,'Alba Rivas','Reparto'),(128,'Silvia León','Ventas'),(129,'Mónica Soler','Ventas'),(130,'Óscar Esteban','Ventas'),(131,'Mónica Cabrera','Soporte'),(132,'Héctor Benítez','Reparto'),(133,'Nuria Cortés','Almacén'),(134,'Jaime Herrera','Ventas'),(135,'Antonio Arias','Almacén'),(136,'Cristina Benítez','Gerencia'),(137,'Rocío Rivas','Gerencia'),(138,'Marta Montero','Almacén'),(139,'Carlos Méndez','Caja'),(140,'Rafael Vicente','Soporte'),(141,'Beatriz Santiago','Almacén'),(142,'Cristina Hidalgo','Gerencia'),(143,'Rocío Soto','Soporte'),(144,'Silvia Soto','Ventas'),(145,'Mónica León','Caja'),(146,'Gonzalo Castro','Reparto'),(147,'Rocío Hidalgo','Gerencia'),(148,'Gonzalo Fuentes','Soporte'),(149,'Antonio Vicente','Soporte'),(150,'Julia Arias','Almacén'),(151,'Raúl Pascual','Caja'),(152,'Jaime Méndez','Ventas'),(153,'Álvaro Vicente','Gerencia'),(154,'Pilar Santiago','Gerencia'),(155,'Cristina Márquez','Gerencia'),(156,'Julia Santiago','Soporte'),(157,'Cristina Fuentes','Soporte'),(158,'Lorena Campos','Caja'),(159,'Nuria Soto','Ventas'),(160,'Rocío Pascual','Soporte'),(161,'Lorena Crespo','Soporte'),(162,'Álvaro Calvo','Reparto'),(163,'Lorena Arias','Soporte'),(164,'Julia Ibáñez','Almacén'),(165,'Mónica Calvo','Almacén'),(166,'Beatriz Cortés','Caja'),(167,'Jaime Peña','Almacén'),(168,'Silvia Calvo','Caja'),(169,'Rocío Benítez','Ventas'),(170,'Antonio Soto','Ventas'),(171,'Jaime Vicente','Caja'),(172,'Cristina León','Reparto'),(173,'Laura Aguilar','Soporte'),(174,'Marta Calvo','Ventas'),(175,'Gonzalo Peña','Reparto'),(176,'Manuel Rivas','Ventas'),(177,'Rocío Márquez','Ventas'),(178,'Jaime Rey','Gerencia'),(179,'Óscar Aguilar','Reparto'),(180,'Fernando Pascual','Almacén'),(181,'Pilar Soler','Gerencia'),(182,'Raúl Crespo','Soporte'),(183,'Nuria Peña','Gerencia'),(184,'Teresa Campos','Almacén'),(185,'Alba Castro','Caja'),(186,'Mónica Soto','Ventas'),(187,'Fernando Herrera','Caja'),(188,'Patricia Cabrera','Soporte'),(189,'Jaime Parra','Gerencia'),(190,'Andrés Ibáñez','Caja'),(191,'Jaime Cabrera','Ventas'),(192,'Álvaro Calvo','Almacén'),(193,'Álvaro Rey','Reparto'),(194,'Teresa Crespo','Gerencia'),(195,'Rocío Hidalgo','Gerencia'),(196,'Laura Castro','Gerencia'),(197,'Mónica Rivas','Almacén'),(198,'Alba León','Almacén'),(199,'Héctor Soto','Caja'),(200,'Gonzalo Rey','Caja'),(201,'Rocío Crespo','Ventas'),(202,'Raúl Herrera','Gerencia');
/*!40000 ALTER TABLE `empleado` ENABLE KEYS */;
UNLOCK TABLES;

--
-- Table structure for table `pedido`
--

DROP TABLE IF EXISTS `pedido`;
/*!40101 SET @saved_cs_client     = @@character_set_client */;
/*!50503 SET character_set_client = utf8mb4 */;
CREATE TABLE `pedido` (
  `id_pedido` int(11) NOT NULL AUTO_INCREMENT,
  `id_cliente` int(11) NOT NULL,
  `id_producto` int(11) NOT NULL,
  `id_empleado` int(11) NOT NULL,
  `coste` int(11) NOT NULL,
  `ingreso` int(11) NOT NULL,
  PRIMARY KEY (`id_pedido`),
  KEY `cliente_fk` (`id_cliente`),
  KEY `producto_fk` (`id_producto`),
  KEY `empleado_fk` (`id_empleado`),
  CONSTRAINT `cliente_fk` FOREIGN KEY (`id_cliente`) REFERENCES `cliente` (`id_cliente`),
  CONSTRAINT `empleado_fk` FOREIGN KEY (`id_empleado`) REFERENCES `empleado` (`id_empleado`),
  CONSTRAINT `producto_fk` FOREIGN KEY (`id_producto`) REFERENCES `producto` (`id_producto`)
) ENGINE=InnoDB AUTO_INCREMENT=1073 DEFAULT CHARSET=utf8mb4 COLLATE=utf8mb4_general_ci;
/*!40101 SET character_set_client = @saved_cs_client */;

--
-- Dumping data for table `pedido`
--

LOCK TABLES `pedido` WRITE;
/*!40000 ALTER TABLE `pedido` DISABLE KEYS */;
INSERT INTO `pedido` VALUES (1,327,2,24,35,220),(2,415,17,21,10,145),(3,76,23,78,278,410),(4,234,4,91,179,195),(5,71,30,52,404,553),(6,499,27,71,454,584),(7,186,31,90,332,524),(8,75,44,89,423,593),(9,116,25,78,199,396),(10,17,12,8,332,363),(11,227,1,67,158,329),(12,426,30,39,93,316),(13,51,17,33,329,420),(14,242,28,28,374,647),(15,119,26,83,293,431),(16,242,5,97,279,550),(17,389,12,80,153,191),(18,328,48,76,464,582),(19,59,23,87,499,621),(20,484,34,41,19,306),(21,307,13,37,55,184),(22,382,29,61,144,326),(23,57,40,64,391,695),(24,324,13,29,354,555),(25,81,42,71,19,31),(26,15,4,28,78,361),(27,95,8,24,345,570),(28,308,44,50,447,740),(29,68,40,54,159,448),(30,405,10,57,124,279),(31,396,23,85,445,724),(32,454,40,22,370,381),(33,452,23,52,133,358),(34,452,16,83,111,294),(35,166,44,34,46,175),(36,408,42,74,94,304),(37,445,20,27,84,93),(38,295,46,76,30,334),(39,417,9,37,166,328),(40,320,32,20,68,84),(41,404,47,20,100,221),(42,185,34,27,163,404),(43,496,30,96,11,77),(44,490,15,50,306,477),(45,479,7,74,163,284),(46,493,39,85,476,545),(47,110,23,60,325,458),(48,105,39,18,298,433),(49,201,35,30,183,465),(50,272,48,9,301,524),(51,429,5,90,106,211),(52,29,14,23,141,358),(53,357,23,9,57,139),(54,491,7,69,26,81),(55,352,1,97,393,402),(56,365,31,83,154,172),(57,161,24,37,216,234),(58,468,28,93,492,539),(59,380,19,59,409,510),(60,77,41,57,214,341),(61,389,33,97,423,526),(62,55,28,46,306,514),(63,282,40,23,387,446),(64,300,23,44,416,676),(65,385,15,14,399,577),(66,255,41,51,63,87),(67,488,34,46,131,406),(68,375,2,94,276,564),(69,42,29,64,231,347),(70,247,18,27,139,312),(71,2,17,61,41,208),(72,245,42,65,378,633),(73,456,3,55,282,333),(74,53,3,98,347,511),(75,297,19,4,56,181),(76,350,15,36,455,600),(77,314,37,74,250,337),(78,449,33,58,460,725),(79,296,18,96,377,646),(80,76,6,13,143,154),(81,138,16,70,283,506),(82,475,29,99,112,156),(83,4,33,19,497,627),(84,54,14,8,274,425),(85,405,30,50,368,425),(86,337,43,19,198,324),(87,430,5,83,436,706),(88,410,23,75,197,416),(89,207,47,38,47,146),(90,164,35,43,41,74),(91,132,2,36,340,441),(92,292,48,99,51,207),(93,121,35,74,299,534),(94,28,49,70,280,493),(95,406,49,42,85,260),(96,181,5,40,348,435),(97,147,32,33,344,488),(98,132,47,83,188,302),(99,359,25,30,5,47),(100,314,38,91,125,280),(101,394,22,76,264,371),(102,72,35,99,438,567),(103,225,1,70,221,257),(104,110,39,24,418,564),(105,424,42,60,254,475),(106,47,16,26,176,472),(107,410,10,45,348,388),(108,262,13,70,363,526),(109,234,38,36,271,458),(110,219,18,49,166,227),(111,485,14,47,260,317),(112,164,6,58,277,288),(113,225,10,60,207,289),(114,34,28,60,149,357),(115,258,28,17,96,232),(116,320,44,49,384,503),(117,305,45,68,335,433),(118,282,45,72,474,652),(119,24,26,38,184,394),(120,173,34,29,212,291),(121,496,11,8,381,554),(122,266,49,25,175,470),(123,405,8,30,15,89),(124,46,39,57,260,530),(125,437,36,94,279,571),(126,62,38,35,253,398),(127,417,39,33,175,399),(128,312,47,76,14,263),(129,10,33,20,18,186),(130,323,30,4,189,424),(131,362,16,41,33,65),(132,142,8,86,423,626),(133,390,46,20,139,371),(134,487,30,7,273,428),(135,445,47,3,152,282),(136,100,38,12,177,300),(137,467,24,58,231,402),(138,200,17,48,188,320),(139,9,41,1,290,557),(140,326,32,20,38,271),(141,307,39,4,437,513),(142,289,9,14,80,193),(143,173,33,19,497,623),(144,28,3,13,230,502),(145,47,40,70,55,184),(146,382,29,60,115,222),(147,24,11,88,375,417),(148,189,26,45,331,626),(149,435,22,60,321,450),(150,85,30,46,252,296),(151,83,22,66,494,789),(152,441,26,87,407,551),(153,447,4,66,53,210),(154,123,35,77,359,450),(155,146,30,11,375,504),(156,419,47,18,38,285),(157,422,40,43,370,500),(158,443,9,19,209,368),(159,172,9,80,251,282),(160,479,26,72,15,308),(161,376,44,7,364,499),(162,500,35,45,81,219),(163,379,23,100,303,317),(164,176,34,27,163,411),(165,53,5,11,130,424),(166,36,23,8,9,259),(167,32,43,11,473,600),(168,107,42,56,140,352),(169,317,5,56,251,504),(170,325,38,85,477,549),(171,132,32,42,75,221),(172,468,13,48,300,473),(173,12,22,7,28,44),(174,29,9,66,391,675),(175,160,41,6,426,458),(176,458,15,75,426,730),(177,226,13,93,432,596),(178,35,38,58,296,369),(179,189,11,89,400,508),(180,166,31,11,338,356),(181,104,45,87,315,481),(182,408,24,87,466,490),(183,266,24,72,90,313),(184,65,24,92,95,152),(185,163,5,52,154,444),(186,426,21,47,63,126),(187,307,25,60,249,462),(188,497,45,43,245,293),(189,139,48,90,325,492),(190,385,11,78,125,392),(191,327,32,23,102,202),(192,500,3,21,457,743),(193,482,50,9,228,531),(194,307,5,60,366,626),(195,36,41,80,293,453),(196,421,33,73,333,381),(197,367,12,99,111,152),(198,480,22,28,49,238),(199,407,12,67,330,421),(200,237,26,11,497,700),(201,162,32,22,90,157),(202,261,50,37,433,505),(203,268,50,39,477,659),(204,48,36,26,72,354),(205,112,17,2,35,119),(206,72,46,16,27,256),(207,300,38,99,323,406),(208,194,8,57,190,251),(209,406,25,6,388,604),(210,103,46,95,6,62),(211,426,37,15,248,262),(212,341,16,53,345,607),(213,117,30,26,249,466),(214,33,10,79,170,270),(215,298,1,29,193,211),(216,44,16,25,157,405),(217,68,12,80,128,391),(218,282,12,47,325,577),(219,92,23,66,483,743),(220,185,15,34,416,460),(221,83,22,69,51,185),(222,437,4,74,232,264),(223,40,6,37,225,272),(224,185,22,3,423,472),(225,103,30,29,348,534),(226,474,46,74,473,631),(227,360,4,17,322,537),(228,297,43,50,446,744),(229,114,10,31,467,697),(230,476,26,70,462,630),(231,480,8,92,64,321),(232,426,37,8,111,366),(233,265,8,15,136,412),(234,365,47,46,240,249),(235,329,13,24,230,404),(236,234,32,78,479,624),(237,236,48,36,449,582),(238,224,48,45,172,286),(239,406,48,35,437,537),(240,486,46,62,181,466),(241,307,13,46,257,313),(242,165,7,69,18,46),(243,156,16,65,147,300),(244,311,31,20,84,150),(245,271,5,84,448,744),(246,88,48,27,238,406),(247,155,46,63,190,197),(248,463,30,23,156,419),(249,195,19,67,115,157),(250,475,19,2,471,677),(251,268,33,68,218,255),(252,131,49,8,233,262),(253,12,44,28,382,683),(254,327,16,56,435,640),(255,375,37,42,445,506),(256,142,43,38,182,384),(257,105,4,73,218,512),(258,271,41,41,296,521),(259,457,19,8,148,218),(260,114,24,71,54,171),(261,292,40,21,318,490),(262,449,41,35,151,290),(263,177,22,6,6,266),(264,127,36,78,377,512),(265,462,16,77,445,497),(266,62,8,35,148,279),(267,116,45,78,91,263),(268,134,34,51,276,346),(269,227,31,68,273,486),(270,424,8,22,312,454),(271,216,39,60,320,445),(272,50,15,14,410,619),(273,480,38,88,60,347),(274,185,2,1,486,739),(275,115,34,63,80,348),(276,469,3,43,5,226),(277,302,43,46,353,405),(278,339,46,55,500,608),(279,368,32,96,449,635),(280,171,45,43,231,237),(281,332,15,49,268,334),(282,217,28,44,276,409),(283,246,9,41,244,312),(284,305,21,22,423,601),(285,183,5,36,248,372),(286,260,20,44,493,682),(287,58,37,33,221,285),(288,340,41,98,246,399),(289,9,31,97,497,526),(290,213,45,16,55,75),(291,478,31,24,157,412),(292,125,38,97,303,342),(293,385,26,20,246,503),(294,377,12,91,413,539),(295,277,28,10,420,692),(296,473,3,42,474,621),(297,266,12,56,42,263),(298,192,38,59,343,544),(299,116,10,28,388,408),(300,469,27,86,338,581),(301,482,22,27,10,96),(302,164,41,11,47,83),(303,135,2,36,337,430),(304,230,21,68,83,315),(305,161,17,66,153,318),(306,390,15,12,346,382),(307,229,49,49,267,326),(308,163,4,41,410,673),(309,424,33,74,360,478),(310,366,27,45,321,582),(311,181,12,12,428,711),(312,39,31,78,47,79),(313,104,38,15,237,513),(314,57,43,96,92,106),(315,316,4,41,427,443),(316,320,5,50,108,285),(317,122,25,74,93,307),(318,479,35,57,387,440),(319,243,48,29,285,584),(320,105,6,89,61,340),(321,119,23,50,74,146),(322,351,42,4,353,479),(323,459,19,11,204,418),(324,142,17,78,443,480),(325,445,7,94,163,404),(326,490,27,74,37,80),(327,219,41,73,105,360),(328,286,18,5,89,309),(329,43,14,9,313,575),(330,210,27,36,117,137),(331,294,39,14,165,237),(332,76,4,94,220,336),(333,280,34,72,262,407),(334,388,24,5,412,704),(335,163,38,79,347,376),(336,166,21,8,78,234),(337,40,44,17,91,211),(338,204,44,15,55,83),(339,45,11,77,110,343),(340,89,30,46,255,302),(341,100,29,23,224,387),(342,159,50,5,110,395),(343,20,20,84,15,195),(344,434,30,31,382,658),(345,121,25,73,86,282),(346,350,30,81,145,150),(347,77,38,35,222,275),(348,248,50,48,201,372),(349,297,15,72,338,409),(350,48,41,77,199,404),(351,80,40,51,73,129),(352,223,36,22,470,489),(353,217,2,81,474,577),(354,400,1,68,172,374),(355,140,22,28,58,276),(356,117,2,46,87,235),(357,448,2,50,190,309),(358,391,39,49,67,124),(359,249,48,30,300,334),(360,354,13,9,351,427),(361,50,39,60,314,422),(362,426,12,56,55,314),(363,469,8,90,33,218),(364,417,18,30,212,273),(365,349,46,49,335,606),(366,219,27,30,460,675),(367,381,35,19,420,616),(368,340,25,38,218,231),(369,422,7,13,111,329),(370,457,22,43,410,660),(371,318,36,70,153,284),(372,104,39,25,463,730),(373,303,20,18,347,629),(374,274,48,17,461,503),(375,429,46,100,128,208),(376,258,41,55,146,385),(377,27,46,43,195,392),(378,29,19,64,58,250),(379,400,7,21,336,557),(380,304,44,54,41,273),(381,283,28,6,306,575),(382,297,16,81,44,341),(383,322,15,53,377,436),(384,327,37,65,42,178),(385,478,24,47,457,513),(386,65,7,24,405,509),(387,119,10,25,320,461),(388,185,24,27,461,703),(389,103,33,63,84,372),(390,120,19,9,174,316),(391,130,47,85,225,436),(392,56,25,12,65,145),(393,447,36,88,129,322),(394,192,2,2,496,770),(395,258,44,86,325,526),(396,173,38,74,199,435),(397,344,6,52,116,296),(398,125,25,69,493,754),(399,159,2,16,364,413),(400,285,20,29,119,214),(401,405,8,29,497,536),(402,299,32,40,26,45),(403,56,21,74,212,485),(404,114,23,55,189,264),(405,33,31,88,276,312),(406,443,6,89,46,283),(407,316,42,24,358,618),(408,61,3,88,114,266),(409,394,24,97,227,331),(410,156,29,90,393,466),(411,398,15,7,235,275),(412,103,34,70,253,381),(413,276,27,99,170,389),(414,291,39,6,498,745),(415,29,44,15,75,160),(416,460,40,21,316,481),(417,396,18,38,424,456),(418,458,15,76,444,496),(419,70,11,65,305,333),(420,293,35,66,109,144),(421,441,5,85,469,516),(422,454,6,81,354,393),(423,227,47,28,291,317),(424,312,46,65,263,468),(425,386,43,98,144,296),(426,308,31,18,42,300),(427,1,24,32,104,122),(428,310,49,97,458,670),(429,355,24,23,358,631),(430,166,49,86,184,262),(431,69,48,36,450,587),(432,257,12,65,268,485),(433,477,32,32,345,492),(434,162,10,96,111,181),(435,220,28,40,179,355),(436,400,14,1,89,347),(437,359,3,10,161,256),(438,280,45,77,87,250),(439,76,9,37,175,366),(440,39,26,37,128,181),(441,31,42,93,90,118),(442,438,8,8,479,651),(443,462,47,92,374,678),(444,377,39,61,345,539),(445,53,32,81,91,229),(446,348,8,63,353,549),(447,41,25,23,328,506),(448,471,49,100,43,170),(449,406,42,71,34,90),(450,339,44,34,38,140),(451,211,7,38,240,323),(452,444,33,57,439,653),(453,433,12,56,55,309),(454,423,37,16,290,415),(455,141,10,16,84,193),(456,128,12,42,187,370),(457,438,30,30,364,591),(458,267,22,58,298,368),(459,163,49,85,164,193),(460,221,49,49,282,385),(461,480,41,20,264,280),(462,309,49,1,63,240),(463,259,43,75,78,235),(464,50,49,54,380,442),(465,342,43,18,176,240),(466,475,8,92,59,308),(467,371,14,10,333,350),(468,111,50,25,142,341),(469,211,8,50,10,187),(470,425,26,5,339,413),(471,70,50,56,402,507),(472,137,18,98,395,405),(473,367,31,84,173,240),(474,9,24,28,487,504),(475,144,16,70,280,489),(476,369,33,1,61,228),(477,182,10,89,412,557),(478,439,49,27,192,227),(479,189,29,77,46,89),(480,192,27,52,494,612),(481,469,28,94,25,148),(482,422,2,64,46,204),(483,156,1,14,311,524),(484,311,1,24,61,326),(485,499,20,92,209,313),(486,213,7,38,244,335),(487,500,7,64,403,441),(488,71,19,43,10,251),(489,455,9,17,138,403),(490,267,4,71,169,339),(491,378,7,38,243,334),(492,498,6,59,289,328),(493,432,49,25,156,401),(494,49,4,10,123,401),(495,420,24,79,275,391),(496,112,50,32,305,330),(497,261,21,46,36,327),(498,295,4,61,395,439),(499,150,5,60,333,499),(500,356,47,57,493,571),(501,133,30,18,51,338),(502,214,16,29,239,399),(503,89,17,11,276,406),(504,227,1,68,185,426),(505,424,44,84,267,319),(506,100,26,100,211,246),(507,130,50,17,441,714),(508,416,24,86,431,658),(509,63,21,66,22,94),(510,9,21,1,400,695),(511,228,19,47,114,332),(512,447,17,99,459,653),(513,205,8,52,65,91),(514,497,38,76,262,369),(515,74,36,13,240,247),(516,311,4,53,202,330),(517,435,6,91,115,240),(518,166,23,27,492,530),(519,304,35,68,134,225),(520,332,23,24,430,606),(521,142,36,68,134,223),(522,310,13,41,143,200),(523,21,34,27,152,363),(524,275,35,77,399,604),(525,480,40,8,13,272),(526,97,21,51,144,415),(527,296,15,71,325,362),(528,300,34,58,421,570),(529,446,1,38,424,458),(530,482,26,71,491,730),(531,483,24,51,38,292),(532,482,16,71,292,528),(533,62,15,13,370,466),(534,155,32,24,135,327),(535,167,40,96,208,268),(536,343,44,34,21,74),(537,359,5,33,168,376),(538,200,49,64,132,253),(539,89,36,6,68,215),(540,493,26,57,168,456),(541,368,42,98,187,465),(542,232,29,49,344,641),(543,412,10,49,429,679),(544,263,9,29,463,694),(545,4,39,81,371,457),(546,74,46,14,473,569),(547,346,28,65,295,599),(548,115,8,9,487,672),(549,49,34,7,160,276),(550,460,25,65,397,405),(551,347,22,5,481,683),(552,209,6,30,68,304),(553,235,2,74,303,546),(554,85,24,81,311,522),(555,292,43,53,30,240),(556,135,15,68,239,348),(557,159,27,75,67,188),(558,279,32,45,181,319),(559,81,24,84,396,533),(560,418,43,75,95,302),(561,412,5,1,373,586),(562,123,8,98,221,307),(563,20,20,81,434,714),(564,497,11,7,358,470),(565,330,11,12,459,534),(566,217,24,1,315,357),(567,375,19,61,454,674),(568,441,13,60,122,245),(569,135,8,98,208,251),(570,202,32,95,418,523),(571,86,43,74,64,189),(572,325,2,25,67,336),(573,17,26,50,463,507),(574,447,4,64,498,521),(575,166,24,35,167,350),(576,500,11,5,296,543),(577,142,50,12,290,458),(578,1,19,84,32,271),(579,369,18,51,257,269),(580,299,46,77,40,67),(581,78,28,30,412,483),(582,324,29,91,399,487),(584,290,42,43,313,569),(585,167,8,74,117,402),(586,498,9,86,381,457),(587,455,42,46,390,548),(588,114,30,31,378,634),(589,467,8,97,176,435),(590,101,24,71,69,236),(591,161,49,94,360,601),(592,398,31,67,246,385),(593,386,26,29,425,548),(594,219,50,67,173,389),(595,250,20,44,11,245),(596,390,31,69,305,602),(597,30,19,68,143,256),(598,487,39,96,229,354),(599,322,1,14,329,589),(600,146,46,65,255,439),(601,238,29,47,290,443),(602,371,12,92,445,659),(603,415,3,74,284,467),(604,145,34,44,101,305),(605,369,35,27,120,236),(606,78,34,85,131,354),(607,438,10,33,29,117),(608,118,18,3,42,140),(609,167,37,65,28,121),(610,166,39,86,480,554),(611,145,38,88,73,94),(612,434,9,25,365,637),(613,138,36,70,188,422),(614,353,12,6,298,536),(615,60,13,95,466,719),(616,178,15,38,496,753),(617,119,33,58,450,687),(618,87,28,21,206,332),(619,404,42,69,480,706),(620,412,45,2,195,463),(621,116,27,93,30,179),(622,128,42,37,188,415),(623,298,38,96,273,529),(624,285,17,94,338,512),(625,408,19,46,62,135),(626,398,15,5,191,417),(627,285,32,42,102,329),(628,62,20,57,335,531),(629,97,3,68,107,117),(630,233,14,98,34,149),(631,334,12,12,462,545),(632,266,44,80,180,297),(633,407,47,27,244,437),(634,350,31,95,445,632),(635,194,6,36,235,318),(636,457,39,15,198,360),(637,224,34,97,419,511),(638,473,43,45,329,614),(639,356,38,64,468,698),(640,477,26,69,453,597),(641,303,32,35,422,476),(642,150,50,10,249,306),(643,199,23,9,36,58),(644,49,16,28,212,300),(645,68,42,80,223,476),(646,410,31,59,62,310),(647,354,6,41,366,494),(648,437,7,4,385,613),(649,211,44,9,411,668),(650,374,11,80,186,321),(651,37,3,9,122,407),(652,482,1,17,395,533),(653,430,49,26,188,218),(654,158,17,68,214,241),(655,52,15,14,407,607),(656,409,7,24,384,424),(657,150,8,82,319,543),(658,383,32,82,115,317),(659,312,7,83,363,406),(660,234,48,39,22,38),(661,38,14,12,381,522),(662,497,31,5,216,516),(663,324,14,45,208,424),(664,145,17,80,494,662),(665,384,10,70,439,531),(666,419,16,3,98,367),(667,420,28,26,306,393),(668,275,47,99,66,275),(669,14,5,41,374,530),(670,143,46,70,381,596),(671,113,2,46,111,324),(672,418,5,92,171,453),(673,309,16,72,329,366),(674,293,30,24,200,281),(675,50,37,35,277,492),(676,434,12,54,499,618),(677,455,21,29,114,193),(678,293,9,14,69,149),(679,436,30,38,48,146),(680,150,28,88,365,669),(681,407,4,90,135,332),(682,213,10,69,432,511),(683,325,25,56,142,363),(684,386,35,18,381,472),(685,80,47,18,41,300),(686,12,29,79,99,288),(687,253,35,89,203,309),(688,243,21,62,414,506),(689,490,2,17,383,483),(690,150,28,82,230,483),(691,384,18,49,179,276),(692,243,26,5,372,543),(693,281,7,99,270,490),(694,488,37,73,209,484),(695,133,32,32,361,557),(696,23,16,40,37,82),(697,239,50,49,238,513),(698,50,40,66,442,584),(699,327,45,48,363,422),(700,373,9,67,388,656),(701,35,36,35,304,601),(702,31,20,75,291,489),(703,248,27,20,177,231),(704,393,22,80,346,367),(705,104,44,74,32,60),(706,111,44,72,473,651),(707,29,28,59,149,360),(708,282,38,8,69,198),(709,342,9,81,266,335),(710,243,40,47,481,611),(711,102,39,22,384,446),(712,330,37,64,19,91),(713,18,26,41,267,397),(714,258,16,3,87,321),(715,167,19,82,9,190),(716,460,42,36,165,332),(717,369,4,10,150,209),(718,13,30,83,199,347),(719,112,34,71,243,338),(720,36,23,2,370,567),(721,498,3,28,103,163),(722,161,3,32,209,248),(723,172,19,80,441,449),(724,214,5,20,348,615),(725,153,45,56,58,321),(726,492,17,74,325,340),(727,121,5,77,268,381),(728,107,49,27,186,204),(729,63,25,9,478,636),(730,349,48,64,182,450),(731,154,46,62,186,484),(732,395,1,69,208,508),(733,345,25,42,296,507),(734,341,17,65,103,128),(735,372,26,32,39,161),(736,377,30,67,286,543),(737,257,2,65,59,248),(738,376,46,29,343,519),(739,407,18,30,217,300),(740,9,16,49,258,291),(741,473,22,36,232,305),(742,381,7,33,138,253),(743,17,3,19,369,414),(744,236,48,35,438,541),(745,13,8,64,366,597),(746,293,33,54,351,623),(747,182,7,61,304,370),(748,107,23,61,340,515),(749,404,17,27,164,411),(750,39,49,58,497,574),(751,112,20,30,158,358),(752,170,37,64,500,530),(753,213,44,7,354,460),(754,287,43,55,96,182),(755,405,12,73,458,586),(756,156,17,69,238,329),(757,18,16,41,71,208),(758,405,37,18,363,392),(759,118,47,95,472,738),(760,267,3,66,59,240),(761,311,17,83,65,109),(762,143,2,32,246,395),(763,472,14,54,433,649),(764,472,30,14,442,451),(765,218,7,35,164,342),(766,465,46,76,25,314),(767,307,12,27,338,510),(768,392,12,82,186,309),(769,441,11,45,292,462),(770,16,25,37,187,413),(771,290,35,67,148,287),(772,190,28,59,158,398),(773,498,31,10,311,560),(774,111,33,62,54,257),(775,4,3,25,34,207),(776,319,25,58,195,259),(777,419,30,44,199,405),(778,86,43,73,43,112),(779,425,30,42,150,223),(780,133,32,40,30,59),(781,127,2,35,328,404),(782,113,21,41,387,585),(783,459,33,49,249,553),(784,260,31,45,213,449),(785,297,33,50,251,257),(786,269,34,76,378,533),(787,122,36,86,73,111),(788,77,22,68,42,155),(789,294,43,47,403,592),(790,331,23,32,109,142),(791,426,49,30,282,560),(792,443,35,79,424,694),(793,443,39,20,325,527),(794,177,40,91,77,87),(795,324,10,99,186,452),(796,136,37,86,41,286),(797,394,27,29,420,525),(798,80,40,50,52,354),(799,338,20,97,317,398),(800,192,8,63,326,444),(801,1,1,1,50,80),(802,1,1,1,50,80),(803,422,12,67,302,310),(804,130,14,54,438,675),(805,127,47,93,412,515),(806,88,45,93,468,746),(807,379,3,100,398,701),(808,295,49,5,164,314),(809,233,44,95,64,297),(810,227,49,54,370,400),(811,104,40,31,83,351),(812,463,50,15,389,525),(813,436,3,60,419,543),(814,246,13,82,151,167),(815,154,21,17,286,395),(816,19,7,59,262,516),(817,303,27,83,282,380),(818,439,23,63,383,672),(819,228,22,78,291,467),(820,67,48,31,362,569),(821,107,2,55,319,481),(822,359,1,93,281,294),(823,234,13,85,235,478),(824,292,27,89,425,604),(825,184,5,37,270,450),(826,157,41,16,152,167),(827,144,17,79,478,605),(828,90,34,79,475,592),(829,16,2,6,103,352),(830,244,50,46,171,268),(831,264,36,100,411,451),(832,68,16,18,464,501),(833,385,26,29,427,557),(834,267,21,47,44,50),(835,395,47,29,321,425),(836,370,36,32,237,357),(837,262,23,73,121,127),(838,165,32,16,444,738),(839,82,47,13,423,684),(840,368,6,38,273,448),(841,110,20,31,173,414),(842,459,12,38,99,354),(843,299,25,63,337,484),(844,187,22,6,496,733),(845,452,10,26,343,545),(846,123,13,51,385,488),(847,175,38,73,175,347),(848,380,6,32,116,174),(849,109,28,11,445,484),(850,458,12,38,102,366),(851,364,3,6,61,190),(852,365,21,83,470,537),(853,109,24,68,484,735),(854,100,27,8,395,610),(855,70,30,56,495,585),(856,228,22,75,239,278),(857,84,25,92,58,304),(858,350,4,31,140,281),(859,232,48,35,445,571),(860,178,29,75,21,305),(861,283,2,46,94,260),(862,76,8,26,418,546),(863,277,27,1,215,253),(864,144,5,62,390,410),(865,463,24,59,258,502),(866,229,45,8,353,445),(867,172,43,22,269,278),(868,238,17,24,97,168),(869,278,6,88,24,201),(870,383,6,21,364,370),(871,430,14,81,101,272),(872,100,17,4,103,373),(873,413,24,90,32,214),(874,395,9,50,473,552),(875,205,15,25,181,196),(876,52,21,75,243,300),(877,219,34,100,495,788),(878,421,16,8,210,468),(879,494,21,4,499,764),(880,174,7,60,308,390),(881,231,27,26,348,563),(882,213,2,85,82,159),(883,368,48,58,493,563),(884,66,1,62,44,214),(885,256,46,100,138,249),(886,482,38,89,90,153),(887,230,36,18,375,442),(888,397,18,36,377,586),(889,77,37,16,304,475),(890,484,9,93,73,350),(891,66,47,24,211,325),(892,291,41,30,24,125),(893,248,26,5,349,458),(894,328,12,18,106,258),(895,426,39,31,105,141),(896,459,14,60,90,116),(897,423,1,52,280,353),(898,234,33,88,197,300),(899,242,22,68,63,234),(900,212,23,97,239,387),(901,490,23,35,176,392),(902,241,15,3,134,205),(903,164,49,85,161,183),(904,168,26,54,78,123),(905,116,38,5,6,271),(906,165,3,24,15,145),(907,11,43,22,249,502),(908,331,41,11,47,84),(909,144,6,67,8,25),(910,91,40,38,265,419),(911,456,4,60,401,463),(912,285,14,63,173,422),(913,28,42,98,202,226),(914,65,23,85,448,731),(915,481,1,20,476,527),(916,463,8,1,284,527),(917,143,2,35,307,314),(918,106,2,53,261,272),(919,276,35,82,491,637),(920,207,33,3,81,296),(921,21,6,39,318,622),(922,48,24,10,35,44),(923,443,20,26,59,302),(924,328,45,45,291,461),(925,14,24,32,82,333),(926,323,38,84,452,462),(927,192,43,14,51,77),(928,37,8,54,120,289),(929,27,31,91,341,551),(930,193,44,22,228,414),(931,339,29,82,190,320),(932,484,29,1,135,234),(933,393,50,56,418,571),(934,490,21,13,191,350),(935,223,35,8,170,307),(936,107,37,4,480,693),(937,301,46,79,91,252),(938,38,41,84,375,448),(939,449,41,32,82,342),(940,392,19,46,105,301),(941,294,2,35,324,387),(942,24,33,11,301,502),(943,245,24,91,56,301),(944,353,6,45,450,499),(945,27,41,93,92,129),(946,4,36,55,296,391),(947,370,40,77,220,489),(948,49,43,95,86,91),(949,257,28,26,297,358),(950,84,14,89,298,395),(951,380,44,8,374,532),(952,166,6,59,282,304),(953,303,43,47,382,508),(954,373,26,31,491,496),(955,37,18,55,346,589),(956,458,10,19,181,256),(957,53,41,78,214,456),(958,342,3,17,359,384),(959,98,39,29,54,253),(960,470,38,93,189,221),(961,170,21,8,68,196),(962,334,6,53,160,462),(963,11,7,59,278,580),(964,150,27,74,43,105),(965,362,3,5,59,186),(966,355,17,48,217,434),(967,128,8,97,207,251),(968,215,38,50,102,258),(969,466,8,94,119,229),(970,31,13,11,376,509),(971,447,9,22,273,295),(972,339,11,99,157,339),(973,18,20,90,138,341),(974,255,28,25,284,314),(975,364,20,73,250,343),(976,492,2,23,11,134),(977,467,25,63,337,484),(978,186,22,1,378,609),(979,258,16,99,13,56),(980,295,29,5,260,401),(981,367,15,29,265,503),(982,161,14,37,12,315),(983,461,32,36,463,630),(984,469,3,49,127,366),(985,81,24,86,433,666),(986,106,39,22,393,475),(987,475,49,99,14,63),(988,339,47,67,267,464),(989,309,9,96,148,327),(990,24,25,29,482,775),(991,458,35,74,302,543),(992,70,17,23,83,118),(993,19,45,30,408,470),(994,260,2,56,354,618),(995,102,21,49,96,237),(996,365,14,21,93,182),(997,437,27,100,203,214),(998,457,25,74,103,342),(999,156,11,14,12,223),(1000,195,45,24,272,573),(1001,159,32,18,6,157),(1002,220,37,31,170,404),(1003,410,41,56,193,265),(1004,494,14,35,461,641),(1005,81,3,76,310,562),(1006,140,47,78,67,159),(1007,41,27,41,213,488),(1008,121,26,80,235,520),(1009,144,32,28,259,482),(1010,52,17,35,370,569),(1011,17,11,98,120,195),(1012,243,36,13,242,253),(1013,335,14,39,39,107),(1014,423,30,42,157,249),(1015,267,40,38,251,362),(1016,141,18,88,168,181),(1017,80,36,8,132,152),(1018,241,13,81,146,153),(1019,92,45,90,412,540),(1020,296,37,86,58,352),(1021,252,31,59,46,245),(1022,500,3,24,17,150),(1023,31,2,93,284,302),(1024,265,26,99,193,481),(1025,293,5,70,104,386),(1026,11,17,60,482,499),(1027,163,25,50,11,185),(1028,391,11,73,498,739),(1029,484,24,42,352,430),(1030,62,45,5,289,513),(1031,472,27,78,150,202),(1032,453,3,55,289,364),(1033,224,27,32,485,763),(1034,326,26,64,306,353),(1035,444,1,41,483,674),(1036,106,10,32,497,511),(1037,92,41,53,104,233),(1038,237,6,17,251,549),(1039,197,2,100,426,515),(1040,427,21,54,223,404),(1041,306,15,63,139,283),(1042,258,9,36,118,148),(1043,369,22,95,224,340),(1044,267,28,14,19,246),(1045,311,45,54,33,238),(1046,83,42,63,331,458),(1047,35,6,40,303,558),(1048,187,18,66,116,165),(1049,36,46,32,429,534),(1050,52,26,28,410,495),(1051,442,31,44,165,263),(1052,297,2,36,340,444),(1053,314,8,84,372,437),(1054,393,17,26,148,360),(1055,299,46,76,35,50),(1056,492,41,13,92,249),(1057,6,27,61,232,378),(1058,488,24,41,315,594),(1059,352,39,72,142,220),(1060,199,13,6,261,394),(1061,295,33,53,337,571),(1062,408,39,45,440,463),(1063,342,12,8,359,464),(1064,268,34,73,309,585),(1065,339,34,33,307,333),(1066,270,24,75,162,271),(1067,398,47,23,188,242),(1068,358,5,27,50,250),(1069,493,49,91,298,380),(1070,254,39,32,142,278),(1071,181,25,35,145,261);
/*!40000 ALTER TABLE `pedido` ENABLE KEYS */;
UNLOCK TABLES;

--
-- Table structure for table `producto`
--

DROP TABLE IF EXISTS `producto`;
/*!40101 SET @saved_cs_client     = @@character_set_client */;
/*!50503 SET character_set_client = utf8mb4 */;
CREATE TABLE `producto` (
  `id_producto` int(11) NOT NULL AUTO_INCREMENT,
  `nombre` varchar(50) NOT NULL,
  `categoria` varchar(50) NOT NULL,
  PRIMARY KEY (`id_producto`)
) ENGINE=InnoDB AUTO_INCREMENT=103 DEFAULT CHARSET=utf8mb4 COLLATE=utf8mb4_general_ci;
/*!40101 SET character_set_client = @saved_cs_client */;

--
-- Dumping data for table `producto`
--

LOCK TABLES `producto` WRITE;
/*!40000 ALTER TABLE `producto` DISABLE KEYS */;
INSERT INTO `producto` VALUES (1,'Don Pérignon Rose Gold','Hogar'),(2,'Producto 002','Juguetes'),(3,'Producto 003','Oficina'),(4,'Producto 004','Hogar'),(5,'Producto 005','Hogar'),(6,'Producto 006','Deportes'),(7,'Producto 007','Moda'),(8,'Producto 008','Electrónica'),(9,'Producto 009','Belleza'),(10,'Producto 010','Deportes'),(11,'Producto 011','Hogar'),(12,'Producto 012','Belleza'),(13,'Producto 013','Alimentación'),(14,'Producto 014','Electrónica'),(15,'Producto 015','Belleza'),(16,'Producto 016','Jardín'),(17,'Producto 017','Moda'),(18,'Producto 018','Oficina'),(19,'Producto 019','Jardín'),(20,'Producto 020','Bricolaje'),(21,'Producto 021','Electrónica'),(22,'Producto 022','Alimentación'),(23,'Producto 023','Moda'),(24,'Producto 024','Juguetes'),(25,'Producto 025','Electrónica'),(26,'Producto 026','Deportes'),(27,'Producto 027','Deportes'),(28,'Producto 028','Belleza'),(29,'Producto 029','Electrónica'),(30,'Producto 030','Belleza'),(31,'Producto 031','Belleza'),(32,'Producto 032','Electrónica'),(33,'Producto 033','Moda'),(34,'Producto 034','Bricolaje'),(35,'Producto 035','Juguetes'),(36,'Producto 036','Moda'),(37,'Producto 037','Jardín'),(38,'Producto 038','Electrónica'),(39,'Producto 039','Jardín'),(40,'Producto 040','Hogar'),(41,'Producto 041','Jardín'),(42,'Producto 042','Alimentación'),(43,'Producto 043','Jardín'),(44,'Producto 044','Jardín'),(45,'Producto 045','Juguetes'),(46,'Producto 046','Juguetes'),(47,'Producto 047','Deportes'),(48,'Producto 048','Oficina'),(49,'Producto 049','Juguetes'),(50,'Producto 050','Hogar'),(51,'PS5','Juguetes'),(53,'Producto 001','Hogar'),(54,'Producto 002','Belleza'),(55,'Producto 003','Electrónica'),(56,'Producto 004','Moda'),(57,'Producto 005','Hogar'),(58,'Producto 006','Jardín'),(59,'Producto 007','Belleza'),(60,'Producto 008','Juguetes'),(61,'Producto 009','Moda'),(62,'Producto 010','Moda'),(63,'Producto 011','Belleza'),(64,'Producto 012','Oficina'),(65,'Producto 013','Hogar'),(66,'Producto 014','Oficina'),(67,'Producto 015','Deportes'),(68,'Producto 016','Alimentación'),(69,'Producto 017','Juguetes'),(70,'Producto 018','Alimentación'),(71,'Producto 019','Bricolaje'),(72,'Producto 020','Hogar'),(73,'Producto 021','Electrónica'),(74,'Producto 022','Moda'),(75,'Producto 023','Hogar'),(76,'Producto 024','Deportes'),(77,'Producto 025','Deportes'),(78,'Producto 026','Belleza'),(79,'Producto 027','Jardín'),(80,'Producto 028','Moda'),(81,'Producto 029','Alimentación'),(82,'Producto 030','Moda'),(83,'Producto 031','Moda'),(84,'Producto 032','Bricolaje'),(85,'Producto 033','Alimentación'),(86,'Producto 034','Bricolaje'),(87,'Producto 035','Hogar'),(88,'Producto 036','Juguetes'),(89,'Producto 037','Electrónica'),(90,'Producto 038','Deportes'),(91,'Producto 039','Alimentación'),(92,'Producto 040','Moda'),(93,'Producto 041','Bricolaje'),(94,'Producto 042','Electrónica'),(95,'Producto 043','Juguetes'),(96,'Producto 044','Bricolaje'),(97,'Producto 045','Bricolaje'),(98,'Producto 046','Bricolaje'),(99,'Producto 047','Juguetes'),(100,'Producto 048','Alimentación'),(101,'Producto 049','Oficina'),(102,'Producto 050','Jardín');
/*!40000 ALTER TABLE `producto` ENABLE KEYS */;
UNLOCK TABLES;
/*!40103 SET TIME_ZONE=@OLD_TIME_ZONE */;

/*!40101 SET SQL_MODE=@OLD_SQL_MODE */;
/*!40014 SET FOREIGN_KEY_CHECKS=@OLD_FOREIGN_KEY_CHECKS */;
/*!40014 SET UNIQUE_CHECKS=@OLD_UNIQUE_CHECKS */;
/*!40101 SET CHARACTER_SET_CLIENT=@OLD_CHARACTER_SET_CLIENT */;
/*!40101 SET CHARACTER_SET_RESULTS=@OLD_CHARACTER_SET_RESULTS */;
/*!40101 SET COLLATION_CONNECTION=@OLD_COLLATION_CONNECTION */;
/*!40111 SET SQL_NOTES=@OLD_SQL_NOTES */;

-- Dump completed on 2026-03-18 10:00:48
